Status,UUID
SUCCESS,0b7eddc5-8871-45e6-94d6-d9bef7b2e978
SUCCESS,0c3ab0e4-4e98-4eec-97f1-7dd9beb2122a
SUCCESS,0cdb1bc9-ddfa-40e9-a41b-23ad09efbc6f
SUCCESS,0ef450c6-8635-42fa-a197-f6b826adc5ec
SUCCESS,10475be9-7a98-4e2c-9401-6d6024faa862
SUCCESS,1caca672-270c-4f9c-bbe7-6086a9fb6937
SUCCESS,1eaedf14-a502-4ed0-a1d5-1afc457de569
SUCCESS,2862cc13-0527-42e3-900f-4660f880bb26
SUCCESS,29b3122b-0f40-465f-8dde-c36e4cb15393
SUCCESS,2bb4d6f0-3e01-4bba-8a86-1ab9fbcd4e51
SUCCESS,2f657a6e-749c-4459-9717-695f7483a7fc
SUCCESS,34fc5bad-fc19-4379-8b9a-53784eecea8e
SUCCESS,35cbaa8e-52ee-4e92-814e-d1189f462b03
SUCCESS,38337a52-ad22-41f4-bb42-316523c2ef5d
SUCCESS,388542e1-66d1-4e28-be68-17df49f7e403
SUCCESS,3be4a325-048b-4cf9-af35-6b90b686e8dd
SUCCESS,3cbc92c7-b5c3-472d-ade2-b817ce036fc8
SUCCESS,3d83598a-eb09-493b-8a9a-339f51a47672
SUCCESS,3fe36556-8a28-4c20-be8b-ed3fa4cfd5c0
SUCCESS,411eafb3-701b-4abd-8c29-1c7b03f0d37f
SUCCESS,4744008c-912f-4d57-864c-b19d12981da6
SUCCESS,4950aaf6-abc3-4a8e-b65e-0c847d00d786
SUCCESS,4b1fc334-1498-4007-801f-8652f0408948
SUCCESS,4d60aa57-e5f4-4b11-93e5-e48e48c47255
SUCCESS,4d95bded-8787-4560-bb81-f771248db341
SUCCESS,5786d9fe-8901-4bdb-9cb3-17facd28cb03
SUCCESS,5d0e0da3-2efa-4e5c-8ce1-f85a48ca17fb
SUCCESS,5f38d964-7652-4f6e-8261-cff143ae2077
SUCCESS,6283fe84-8a4f-4a4a-ba7f-a8f71eea6cfa
SUCCESS,655235bd-f351-4f67-8623-928acfbf93e1
SUCCESS,6c78cb04-1665-484e-a5a2-10684eccbc73
SUCCESS,6f2247ca-ce87-43b1-b8d9-91e19f846b50
SUCCESS,70dd6797-bef0-4b83-b692-014e9865eccb
SUCCESS,75fca54b-17ea-4f10-b0b1-7592afc154e4
SUCCESS,763c621e-7b1b-4fb7-a377-3e488c4e2767
SUCCESS,79f534cc-1f5e-4ac0-8e01-e073651064e2
SUCCESS,7b07f9dd-6cc2-4339-9550-db3aa52dcedb
SUCCESS,7e6abf7d-ed5a-4756-bfae-3ba728dda306
SUCCESS,7f1d2a16-5e6c-408a-ba1a-3760cb441aae
SUCCESS,7f6870ca-ccc2-412e-9208-7fab70383b17
SUCCESS,8168459b-1a42-41a1-9bc3-e86e56087b73
SUCCESS,81d4f830-6434-49b6-8229-2c00874073e0
SUCCESS,8273746e-d441-48e9-9d29-34f04111ca08
SUCCESS,841b82b6-152f-45f6-a9f7-d2bb9961bc0a
SUCCESS,843950a6-b746-4c03-8bba-e08e19bb34a1
SUCCESS,862caaae-0ede-4665-acee-7513a15efa56
SUCCESS,869a0a13-584d-4acd-b58c-2dfa9f95004c
SUCCESS,87906936-f65e-42be-8153-0325404f2a30
SUCCESS,89ee3ead-675d-4115-b2ab-be309a4063f3
SUCCESS,8d7b4afe-824c-4dc7-aa93-faa571ace65d
SUCCESS,8fab3cb0-06f8-46f4-8ee0-061f40f94e78
SUCCESS,9036a05e-c4ae-4e49-936f-99f06e85c33b
SUCCESS,91aef997-74ef-44d4-9150-35ce44a383b6
SUCCESS,9380ea61-b73e-4102-a1c5-4a8ad7af4f47
SUCCESS,972be01c-3bf5-44a3-86a7-d8902eb59931
SUCCESS,9baa0e8a-b0fb-4244-a40a-7ade10b0e1fa
SUCCESS,9c286859-3f8e-4b34-be5d-9c9424dfe8a3
SUCCESS,a1004d76-9959-4580-b87e-06a30dd2d096
SUCCESS,ad069939-5af5-4090-b00c-393b3ca0f021
SUCCESS,aee482fb-d77c-432a-8968-0d784628648a
SUCCESS,b0cd2a94-5bd6-4dcd-9179-58106bee613b
SUCCESS,b3544134-078f-4c6e-ba68-e9c7b33a4868
SUCCESS,b5bc40d8-9e04-4976-8574-0466eec60450
SUCCESS,b78503a6-dfd8-4b89-9ffd-01c57630b60c
SUCCESS,c346a37c-1842-4778-83a6-3ef9b0679c1f
SUCCESS,c39b3566-fdb0-4b0c-abc3-077c17a53fee
SUCCESS,c426177f-48e2-4dd9-9a4d-cb008fd8d445
SUCCESS,c924b57d-4da6-4731-be43-759187d02a41
SUCCESS,cc680581-e0ef-418b-9137-e38d66aa3f8a
SUCCESS,cd875b9a-3599-47e2-85e4-c303941eb03f
SUCCESS,ce9cfaef-1f6f-454f-93e7-e8785ec35f4b
SUCCESS,cec44d43-17ac-406f-abdc-6a397bbfe5f7
SUCCESS,da67f826-22ad-468c-bb7c-edf768224f6b
SUCCESS,de2a2426-a6f2-43bd-93c6-d7dc18b626c8
SUCCESS,df0b9bb3-7721-4dcc-93fe-3d39d9e9fd66
SUCCESS,e49b28ab-e5a6-4b26-bd02-e1aa007a6d73
SUCCESS,e6988408-da45-4712-833a-a5d39945ec72
SUCCESS,e9d09af3-5e90-4981-ba45-6c41d123843d
SUCCESS,eb743ac5-00b5-4937-9cce-bb18cd13ff5f
SUCCESS,eba48d12-dcf8-49ce-b5f6-39a51b7a44e0
SUCCESS,ec460917-ed36-4fc1-a4c8-33dec6052875
SUCCESS,ecaf023c-44a0-4228-bfba-88a4ebc0fa21
SUCCESS,ecdb1cf3-f51a-4be2-bada-b1c1b0858b89
SUCCESS,f7784587-f01d-4083-a2f2-fa65c9899de2
SUCCESS,fa486a3a-15a3-4142-a007-c7cf1306f9f5
SUCCESS,fce82930-a7f8-45a4-81db-5fda33eaedb9
SUCCESS,fd016d2f-1771-4d2c-ad58-78693c137d29
