id,entity_id
29c75bec-f2b5-4632-a95f-81c3ac6449a2,9baa0e8a-b0fb-4244-a40a-7ade10b0e1fa
27fc61bb-22cd-4032-b2fb-3051e82b8437,70dd6797-bef0-4b83-b692-014e9865eccb
c97154c5-d9ae-404a-8b83-d3b616e3c3df,9baa0e8a-b0fb-4244-a40a-7ade10b0e1fa
aa218ea0-d136-47df-8b8f-1ab7b75783c9,9baa0e8a-b0fb-4244-a40a-7ade10b0e1fa
dac4c616-b9b3-46c6-ab9e-7d62269a9c79,b0cd2a94-5bd6-4dcd-9179-58106bee613b
1200a002-3c35-4b93-b325-3745418b79ca,70dd6797-bef0-4b83-b692-014e9865eccb
d39bf3c4-8ba6-4bff-9310-1428d63b9be8,9baa0e8a-b0fb-4244-a40a-7ade10b0e1fa
4f14b3d8-f9f1-4194-a885-4b6585760908,b0cd2a94-5bd6-4dcd-9179-58106bee613b
c4e64e65-7e90-48ff-b2b0-2a843c986891,c39b3566-fdb0-4b0c-abc3-077c17a53fee
9c4ff67f-446a-4c4b-b676-3fdf1256ac42,c39b3566-fdb0-4b0c-abc3-077c17a53fee
29e190a3-6345-4605-9889-2189d6564e15,c39b3566-fdb0-4b0c-abc3-077c17a53fee
3236fc5f-92ac-4b22-b17d-b0107344c586,c39b3566-fdb0-4b0c-abc3-077c17a53fee
8b71f1b3-50d5-4d29-be28-21e857d88be8,70dd6797-bef0-4b83-b692-014e9865eccb
50264692-90ad-46b4-a23d-fd17239dc71f,9baa0e8a-b0fb-4244-a40a-7ade10b0e1fa
d7d7c9a9-7499-4af5-a962-d61c98f802d1,9baa0e8a-b0fb-4244-a40a-7ade10b0e1fa
5ecc6f77-b02b-4e4e-9b3b-7859792260d6,c39b3566-fdb0-4b0c-abc3-077c17a53fee
799ab4ca-ddbf-40bf-8bd5-6a626cb5167a,b0cd2a94-5bd6-4dcd-9179-58106bee613b
ce9ea7af-ea16-44da-8ce5-fadda70b924a,70dd6797-bef0-4b83-b692-014e9865eccb
747226de-b407-4c42-9c36-79ebc7398381,70dd6797-bef0-4b83-b692-014e9865eccb
c5bc7705-ac1d-47ab-afab-2db06f78c26b,b0cd2a94-5bd6-4dcd-9179-58106bee613b
7f8fa22b-0a14-4ac4-ad58-39b81b56c744,7f1d2a16-5e6c-408a-ba1a-3760cb441aae
8506cb5e-7320-4522-83cd-43f2ec591476,70dd6797-bef0-4b83-b692-014e9865eccb
1e677c4a-c38c-4270-b77d-26f525b1067e,b0cd2a94-5bd6-4dcd-9179-58106bee613b
36ad7758-14e4-4dcf-ac08-615cd5c19427,70dd6797-bef0-4b83-b692-014e9865eccb
81b82b4b-cfba-462a-a421-e6250798e28f,70dd6797-bef0-4b83-b692-014e9865eccb
ceb49eae-378b-42f6-8e4e-fa679e687a21,70dd6797-bef0-4b83-b692-014e9865eccb
f5373ccf-e683-4d3b-b319-5ec94cdd046a,70dd6797-bef0-4b83-b692-014e9865eccb
0bac8f0c-ded0-4078-9e04-ecfd7e9f8b13,b0cd2a94-5bd6-4dcd-9179-58106bee613b
6552019d-a090-4273-8450-6f3eb3a0fc24,b0cd2a94-5bd6-4dcd-9179-58106bee613b
0b5bd751-8e5e-41cb-83e5-b036193cdfcd,9baa0e8a-b0fb-4244-a40a-7ade10b0e1fa
acff0dac-467f-4397-9932-53141c206df1,70dd6797-bef0-4b83-b692-014e9865eccb
92894d03-8c3c-483e-a2c6-b8eba0937a24,70dd6797-bef0-4b83-b692-014e9865eccb
1bb97b40-4509-4b1f-963b-64e8997020ec,cec44d43-17ac-406f-abdc-6a397bbfe5f7
a5fe90e6-6f56-451a-849c-c8e89cf52b19,cec44d43-17ac-406f-abdc-6a397bbfe5f7
f09b315b-0e7c-4b49-82de-2ae9f311d402,cec44d43-17ac-406f-abdc-6a397bbfe5f7
0807867b-5cb1-4e1c-9c09-7747f38c040f,cec44d43-17ac-406f-abdc-6a397bbfe5f7
60ae33d2-0eb0-4db7-86a8-edb18383ecc6,7f1d2a16-5e6c-408a-ba1a-3760cb441aae
be8db687-cbf9-4798-91a3-f51467ddcefa,cec44d43-17ac-406f-abdc-6a397bbfe5f7
181c859f-8baa-4b0f-88a1-9f94c877e4dc,7f1d2a16-5e6c-408a-ba1a-3760cb441aae
6cd07f79-0ba0-4bb4-bee8-bf0ec1c76fca,b0cd2a94-5bd6-4dcd-9179-58106bee613b
7109d364-4e01-4fae-9dd8-c7ba9b590762,b0cd2a94-5bd6-4dcd-9179-58106bee613b
7016f0d1-c184-4383-86d4-cec1b38c383d,b0cd2a94-5bd6-4dcd-9179-58106bee613b
87d63d24-42bf-4983-9a4c-57742d1706b9,b0cd2a94-5bd6-4dcd-9179-58106bee613b
8f18ea21-3025-406a-a221-a366261eced4,cec44d43-17ac-406f-abdc-6a397bbfe5f7
9da18cc6-2421-45d0-a50d-53d821d21279,7f1d2a16-5e6c-408a-ba1a-3760cb441aae
8e9f6876-efaf-4cd7-8c29-3e8065c4c0e6,7f1d2a16-5e6c-408a-ba1a-3760cb441aae
1f165353-11a9-4ba6-8ec2-54f650c3891a,7f1d2a16-5e6c-408a-ba1a-3760cb441aae
a59b4ac0-b19d-4305-b9de-8d54149d3568,7f1d2a16-5e6c-408a-ba1a-3760cb441aae
62b98975-2fda-47ac-baad-0f6ab3df1bd6,9baa0e8a-b0fb-4244-a40a-7ade10b0e1fa
24fd3448-1346-4727-bbcd-504347a8fdf9,9baa0e8a-b0fb-4244-a40a-7ade10b0e1fa
2beb5898-a30a-4175-9d25-737ea8de5521,9baa0e8a-b0fb-4244-a40a-7ade10b0e1fa
d7331cc6-02d6-40ba-89f5-cca50c6bdc5d,9baa0e8a-b0fb-4244-a40a-7ade10b0e1fa
cffc022d-8fc0-4449-97b8-e7ec267d7108,b0cd2a94-5bd6-4dcd-9179-58106bee613b
c39ded52-fe8c-451f-925e-6ed88137d31a,b0cd2a94-5bd6-4dcd-9179-58106bee613b
3b73fe9f-22e8-4000-a3f3-5d69e53ee4f0,cec44d43-17ac-406f-abdc-6a397bbfe5f7
f5618e4a-c84d-4db2-b142-651083533410,b0cd2a94-5bd6-4dcd-9179-58106bee613b
d89fd7d7-9e66-4e83-9bff-fcf3a624f746,cec44d43-17ac-406f-abdc-6a397bbfe5f7
34d77ee3-f86e-4ee7-99cd-81a5777ea08a,b0cd2a94-5bd6-4dcd-9179-58106bee613b
ab3fa638-9036-47da-9adc-aa4b1f383153,b0cd2a94-5bd6-4dcd-9179-58106bee613b
b167dddf-5586-4dbd-a585-94e80733fcac,b0cd2a94-5bd6-4dcd-9179-58106bee613b
306948a1-6adb-4963-863c-6171604fa339,b0cd2a94-5bd6-4dcd-9179-58106bee613b
de35d4dd-413e-4df2-98c5-d84b3d5484e6,c39b3566-fdb0-4b0c-abc3-077c17a53fee
d2a7de7d-d95c-4c39-b167-bc60f03cc2d8,7f1d2a16-5e6c-408a-ba1a-3760cb441aae
b9628d1e-4558-4660-82a3-e1c8457b5c19,b0cd2a94-5bd6-4dcd-9179-58106bee613b
ae4f1612-895d-4259-9d36-e41174148072,7f1d2a16-5e6c-408a-ba1a-3760cb441aae
9c201afb-78a0-42c1-a435-c89771744563,cec44d43-17ac-406f-abdc-6a397bbfe5f7
4021e0fb-f59c-460c-abd3-d4d28410c57b,b0cd2a94-5bd6-4dcd-9179-58106bee613b
835f93f0-c6db-4d35-98cf-cefa03d40f7d,c39b3566-fdb0-4b0c-abc3-077c17a53fee
4f85df82-429e-4d95-83e5-f4b0c229aa50,b0cd2a94-5bd6-4dcd-9179-58106bee613b
de3ed82b-5e4b-487a-9349-38dc40be9a08,7f1d2a16-5e6c-408a-ba1a-3760cb441aae
08792978-769f-4f5b-af92-8a78fd4fee22,70dd6797-bef0-4b83-b692-014e9865eccb
f407d85b-1b85-4f8d-8182-e86a1057087a,b0cd2a94-5bd6-4dcd-9179-58106bee613b
4c198c55-6975-41c9-b97c-96048d6e1f4d,b0cd2a94-5bd6-4dcd-9179-58106bee613b
d2e5a80c-cc43-462a-84e5-43122cd0d896,b0cd2a94-5bd6-4dcd-9179-58106bee613b
c0ac56c3-14da-4e48-8c7f-9ef1277fc324,b0cd2a94-5bd6-4dcd-9179-58106bee613b
ffaa327c-255c-4e85-bebf-ec069b56cd74,b0cd2a94-5bd6-4dcd-9179-58106bee613b
b95c72b6-fec4-4b5f-8fe3-c89c5c2d85af,b0cd2a94-5bd6-4dcd-9179-58106bee613b
b11230c9-85e6-4ac7-afac-b6e50c72bdb5,c39b3566-fdb0-4b0c-abc3-077c17a53fee
56c3d4ab-0fa1-43a0-bef0-787350b590e6,70dd6797-bef0-4b83-b692-014e9865eccb
6f1e1c5e-9773-4be2-bd8d-97e5e4d822c2,70dd6797-bef0-4b83-b692-014e9865eccb
a95b1901-f746-4699-a601-84057526e49a,c39b3566-fdb0-4b0c-abc3-077c17a53fee
97714f7b-929b-42ca-b04b-1f6959b393a9,b0cd2a94-5bd6-4dcd-9179-58106bee613b
e53eab4d-ffc1-4cb1-8c54-c5b5c7f9fca5,70dd6797-bef0-4b83-b692-014e9865eccb
04b91fce-82a6-4615-8746-5c5e04837ee5,c39b3566-fdb0-4b0c-abc3-077c17a53fee
a5f9fdb1-d82a-4ede-8c82-fdeaedac2601,c39b3566-fdb0-4b0c-abc3-077c17a53fee
17de68e0-ce75-45ab-8a23-6c403511f2cb,c39b3566-fdb0-4b0c-abc3-077c17a53fee
b6bb57d7-9c24-4174-b4be-24a26aef0a5b,70dd6797-bef0-4b83-b692-014e9865eccb
5f223fdc-28ff-4347-9a77-8268cff03eeb,b0cd2a94-5bd6-4dcd-9179-58106bee613b
fef55feb-2a2c-48bf-b432-09769e1bb04b,70dd6797-bef0-4b83-b692-014e9865eccb
03e777ae-a306-4748-afb4-0ab0fdf8ca7d,70dd6797-bef0-4b83-b692-014e9865eccb
b9f75b9f-cbb7-4c43-890e-06a5cbee6d8f,70dd6797-bef0-4b83-b692-014e9865eccb
769cf919-c457-4d6d-8118-6eaffd424123,b0cd2a94-5bd6-4dcd-9179-58106bee613b
4de0ee35-c67e-4ae4-b49f-1c61be267873,c39b3566-fdb0-4b0c-abc3-077c17a53fee
d23b9c11-6c06-4df1-9682-6e8d9436c8bd,7f1d2a16-5e6c-408a-ba1a-3760cb441aae
e54ffe92-13ea-4bc6-b576-f5c8d8787140,7f1d2a16-5e6c-408a-ba1a-3760cb441aae
552ce4ca-3ebb-47dc-ae8f-bb793996ed9c,b0cd2a94-5bd6-4dcd-9179-58106bee613b
0c99f25f-59c0-4baa-954f-df0e525ab0d1,7f1d2a16-5e6c-408a-ba1a-3760cb441aae
59f652fe-5628-4fbc-9cb0-8dac2d0df2a6,b0cd2a94-5bd6-4dcd-9179-58106bee613b
5013a0ca-f4e3-48b5-845b-48276fff94e7,70dd6797-bef0-4b83-b692-014e9865eccb
f31a38a8-3f53-49a2-9b39-0d9ca3d5f518,ce9cfaef-1f6f-454f-93e7-e8785ec35f4b
0c0a5f2b-1c1c-4890-a394-1a856275437d,70dd6797-bef0-4b83-b692-014e9865eccb
3a99c232-3f18-49b9-8579-d8be08fb4541,70dd6797-bef0-4b83-b692-014e9865eccb
bafe9b40-7f2b-421c-b405-84e090aeee5d,70dd6797-bef0-4b83-b692-014e9865eccb
b7a067a3-649b-4e19-8409-e99031ee3380,70dd6797-bef0-4b83-b692-014e9865eccb
dd456f62-cb63-40d3-8a9e-8cc3b63ca4f2,70dd6797-bef0-4b83-b692-014e9865eccb
5d02d2ab-696b-4c15-b6ea-c27bf29d585b,7f1d2a16-5e6c-408a-ba1a-3760cb441aae
ebd908dc-1fdc-426b-8277-36811ea6098c,7f1d2a16-5e6c-408a-ba1a-3760cb441aae
0671ee51-6a41-4969-af52-2a0574c7359b,7f1d2a16-5e6c-408a-ba1a-3760cb441aae
57198113-c44f-4377-b099-db0e430e1a19,7f1d2a16-5e6c-408a-ba1a-3760cb441aae
f864f709-c4bc-46fe-8d40-a3114d641138,7f1d2a16-5e6c-408a-ba1a-3760cb441aae
b5c3dceb-5a55-4886-a78c-8b19c9322c46,7f1d2a16-5e6c-408a-ba1a-3760cb441aae
c22af38f-0c43-4620-ac4b-d22991e416f7,7f1d2a16-5e6c-408a-ba1a-3760cb441aae
ece86fed-1659-4432-88c8-9c9513bf11a0,7f1d2a16-5e6c-408a-ba1a-3760cb441aae
939e9eb1-5337-4d0d-bbf6-a3c1849681cf,7f1d2a16-5e6c-408a-ba1a-3760cb441aae
6823ff40-d41f-4f83-a4a5-2503b1d1afb5,7f1d2a16-5e6c-408a-ba1a-3760cb441aae
c03352f0-2470-42a7-a974-a12df729c682,7f1d2a16-5e6c-408a-ba1a-3760cb441aae
c3f64e37-9b13-480d-b40f-4f9cc4ab1564,70dd6797-bef0-4b83-b692-014e9865eccb
c1baa308-622d-472a-8fb2-41e95123f97d,70dd6797-bef0-4b83-b692-014e9865eccb
21b69fd7-308a-4833-9924-2c38d7aa47f2,4d95bded-8787-4560-bb81-f771248db341
d86f7a7b-866b-403f-b8d1-277a824b8fe3,b0cd2a94-5bd6-4dcd-9179-58106bee613b
adc5a547-1ff6-44a9-831a-a7199a708365,c39b3566-fdb0-4b0c-abc3-077c17a53fee
a96a31bf-3047-467c-8bb1-a65521ac1ad2,70dd6797-bef0-4b83-b692-014e9865eccb
2108dbe4-3baa-4aed-948b-c7b78e6b71c0,9baa0e8a-b0fb-4244-a40a-7ade10b0e1fa
29cebe61-add2-4fb2-9079-38c8539f48e9,b0cd2a94-5bd6-4dcd-9179-58106bee613b
b8a94ce6-70f3-4bdb-8275-140ddb69b1a6,70dd6797-bef0-4b83-b692-014e9865eccb
ccea4dc3-9b9a-43eb-b903-fa4be8f4037f,c39b3566-fdb0-4b0c-abc3-077c17a53fee
0ab9d477-7d19-42ef-abe2-01abd958157e,c39b3566-fdb0-4b0c-abc3-077c17a53fee
1846e1c2-6dce-4418-b306-706051b15dbd,70dd6797-bef0-4b83-b692-014e9865eccb
e4162c26-2682-4132-937a-0bb8cf0196ce,b0cd2a94-5bd6-4dcd-9179-58106bee613b
d658b620-7ee0-43fd-8b44-61d282edc6e8,b0cd2a94-5bd6-4dcd-9179-58106bee613b
3f676827-0eee-4dd4-ab51-6b18a0f0b654,b0cd2a94-5bd6-4dcd-9179-58106bee613b
fb5f130c-3853-4305-90f0-d2fa7bdc3b2e,cec44d43-17ac-406f-abdc-6a397bbfe5f7
ac8c0698-a84c-49fe-b701-2ff61e462b88,70dd6797-bef0-4b83-b692-014e9865eccb
19b462b5-bb32-4e59-a674-351a8ed03555,70dd6797-bef0-4b83-b692-014e9865eccb
1d162a32-baac-437e-9ca5-55985b716c90,9baa0e8a-b0fb-4244-a40a-7ade10b0e1fa
3059ae09-82ab-4605-a705-a619c913ac1f,70dd6797-bef0-4b83-b692-014e9865eccb
75b2345e-d3cb-4422-b191-fa47babea0dd,9baa0e8a-b0fb-4244-a40a-7ade10b0e1fa
63f9e8a3-7bd5-4d88-aa28-555330dc9d90,9baa0e8a-b0fb-4244-a40a-7ade10b0e1fa
1d22007e-15d7-40c3-9fb3-79828aecacfa,b0cd2a94-5bd6-4dcd-9179-58106bee613b
0e8ccb6a-e135-4884-a288-2b4197660408,70dd6797-bef0-4b83-b692-014e9865eccb
06196942-5a1c-4af3-8c85-79aef9937191,70dd6797-bef0-4b83-b692-014e9865eccb
f46e40ba-48fb-492b-9180-37f20226bef9,cec44d43-17ac-406f-abdc-6a397bbfe5f7
8885bd9a-e102-4063-a930-b5ebe3154ee6,9baa0e8a-b0fb-4244-a40a-7ade10b0e1fa
4b01eff9-931a-4235-b091-286ec1014236,9baa0e8a-b0fb-4244-a40a-7ade10b0e1fa
d5e38609-9150-455d-8afc-c0f9a1905f80,b0cd2a94-5bd6-4dcd-9179-58106bee613b
edf41714-8211-4f11-afd6-d2b5ad03cf03,4d95bded-8787-4560-bb81-f771248db341
fc74c15f-5e2f-439d-a681-ee42837fe673,b0cd2a94-5bd6-4dcd-9179-58106bee613b
47fe9dfc-22d7-4adb-bfe9-859f317b086e,b0cd2a94-5bd6-4dcd-9179-58106bee613b
014866f8-9156-48c3-873d-5d2da43fecc2,b0cd2a94-5bd6-4dcd-9179-58106bee613b
b476a99b-5b0c-411d-b9d0-53366cd3fb17,70dd6797-bef0-4b83-b692-014e9865eccb
b3a677bd-ada7-4710-ba67-c3ed8ad19a6e,4d95bded-8787-4560-bb81-f771248db341
1f418320-ae63-4a57-b2f1-40ec818ddc9c,b0cd2a94-5bd6-4dcd-9179-58106bee613b
b9626ebc-cab1-422e-a2d0-43472e785451,70dd6797-bef0-4b83-b692-014e9865eccb
7105147a-4d35-416c-9a28-ac41b7055323,70dd6797-bef0-4b83-b692-014e9865eccb
b5a94a72-9108-41d6-b20a-afb6f000226e,70dd6797-bef0-4b83-b692-014e9865eccb
3c5f2587-d170-429a-8489-489ed9f2ab5c,70dd6797-bef0-4b83-b692-014e9865eccb
8b156858-79c5-4d0f-81ae-b85900ee5102,9baa0e8a-b0fb-4244-a40a-7ade10b0e1fa
1e83bb53-6b54-4e10-aede-e5cca05b99e3,70dd6797-bef0-4b83-b692-014e9865eccb
8f8baba8-f76f-48f7-b122-7c7ca0daaa39,9baa0e8a-b0fb-4244-a40a-7ade10b0e1fa
457b076d-05be-476b-bb11-1155a5e5127b,9baa0e8a-b0fb-4244-a40a-7ade10b0e1fa
c8b38ec9-4436-4725-9902-c8160609ef2f,70dd6797-bef0-4b83-b692-014e9865eccb
6029cd92-bdd9-4e5d-8428-efb317a952e4,4d95bded-8787-4560-bb81-f771248db341
cf6519cc-5456-4070-af14-342c5c36fd5f,9baa0e8a-b0fb-4244-a40a-7ade10b0e1fa
a5789606-f4be-4f65-bc8a-a9cd02c72093,4d95bded-8787-4560-bb81-f771248db341
15f55371-bfc9-4ff5-ae03-83033a15ee97,b0cd2a94-5bd6-4dcd-9179-58106bee613b
f01ebc68-8277-4e34-96d0-6a4e967dfae0,c39b3566-fdb0-4b0c-abc3-077c17a53fee
787ff6ec-f7da-4205-bb20-fccbd3740d84,9baa0e8a-b0fb-4244-a40a-7ade10b0e1fa
a6bfc99b-b11a-4808-ad2d-f9f4eaa68015,b0cd2a94-5bd6-4dcd-9179-58106bee613b
cc30bda0-e1c4-4a6f-aaf6-5f6a210727b9,9baa0e8a-b0fb-4244-a40a-7ade10b0e1fa
d29f96d3-d8c6-469f-8a44-8dd48b8c6090,b0cd2a94-5bd6-4dcd-9179-58106bee613b
aef14d7d-e39e-459b-b318-e0528a88d762,b0cd2a94-5bd6-4dcd-9179-58106bee613b
fad89c47-11f0-4127-b132-676f981353f4,70dd6797-bef0-4b83-b692-014e9865eccb
83399a30-8826-4cea-bf8a-c6676fd406b9,9baa0e8a-b0fb-4244-a40a-7ade10b0e1fa
a744a39d-18c6-4faa-be0e-838ae6c0547d,9baa0e8a-b0fb-4244-a40a-7ade10b0e1fa
5f25809f-636e-4172-abd0-af06dd34272f,9baa0e8a-b0fb-4244-a40a-7ade10b0e1fa
fd79261c-b293-453e-b183-748d1fe1d023,70dd6797-bef0-4b83-b692-014e9865eccb
58b8485d-9f98-44ed-ab30-f19ebe414f57,70dd6797-bef0-4b83-b692-014e9865eccb
3c9d3b39-6e2a-422d-bf28-a388c48cd023,9baa0e8a-b0fb-4244-a40a-7ade10b0e1fa
bd975436-a238-413a-86dd-4aa8e0be84a0,c39b3566-fdb0-4b0c-abc3-077c17a53fee
0fca4ca2-9e4f-40b1-93b0-2f8bc1963e8f,9baa0e8a-b0fb-4244-a40a-7ade10b0e1fa
b0ac93a6-6f98-4a2e-a007-7ae93ccbc41c,7f1d2a16-5e6c-408a-ba1a-3760cb441aae
dd95329b-37ff-4ffc-aa9a-fdc65a52bb78,9baa0e8a-b0fb-4244-a40a-7ade10b0e1fa
335976cf-44d0-49a8-a254-d0ab1b9f9208,70dd6797-bef0-4b83-b692-014e9865eccb
68c95381-c457-44ac-a42b-89f2151e4652,9baa0e8a-b0fb-4244-a40a-7ade10b0e1fa
61b099bf-dd2d-458d-8c18-4f5c304a3b9c,7f1d2a16-5e6c-408a-ba1a-3760cb441aae
226d921c-4b59-4547-8685-c89c22fbdc75,70dd6797-bef0-4b83-b692-014e9865eccb
626d49cb-ff23-4b1a-8f53-a3fbe560913c,70dd6797-bef0-4b83-b692-014e9865eccb
dcc37df7-002e-4db5-aa30-285a98a3d47d,70dd6797-bef0-4b83-b692-014e9865eccb
da85ef56-a37e-466b-9cd2-94f30f3fdd06,70dd6797-bef0-4b83-b692-014e9865eccb
c496792f-caa8-4f12-a7f3-e3c8c737db45,0cdb1bc9-ddfa-40e9-a41b-23ad09efbc6f
abf637d3-ed9a-40c4-adb8-298ae45a95df,0cdb1bc9-ddfa-40e9-a41b-23ad09efbc6f
a345b256-6386-43d1-8f86-48cde01ca57d,70dd6797-bef0-4b83-b692-014e9865eccb
b854429e-e3bd-4679-831e-48f2e1e2486d,91aef997-74ef-44d4-9150-35ce44a383b6
7250731c-aa03-4908-ae0a-4651920f1ba5,70dd6797-bef0-4b83-b692-014e9865eccb
91e06d91-3161-4a51-9107-789a080bbe1a,70dd6797-bef0-4b83-b692-014e9865eccb
aa00cea4-2e25-4307-b659-92ca52244033,70dd6797-bef0-4b83-b692-014e9865eccb
bd9ad75e-d267-4d67-a8ec-0acff330e78c,9baa0e8a-b0fb-4244-a40a-7ade10b0e1fa
d65715b9-6836-47a2-89ac-0e19a3785faf,7f1d2a16-5e6c-408a-ba1a-3760cb441aae
04e1d3fd-1f61-42e2-9d3f-02edd9008fb1,70dd6797-bef0-4b83-b692-014e9865eccb
8bc3d95c-299a-4c3b-baff-ab44daebbee7,7f1d2a16-5e6c-408a-ba1a-3760cb441aae
71f949d2-a2b6-49f3-8072-69d09e52e844,70dd6797-bef0-4b83-b692-014e9865eccb
e8799839-2900-4635-9a4f-541c50d43b45,70dd6797-bef0-4b83-b692-014e9865eccb
9df4d76e-e8f6-45f9-85a0-782060c4d486,70dd6797-bef0-4b83-b692-014e9865eccb
2c4d09f7-39fd-439d-ab86-db72ed81ac50,70dd6797-bef0-4b83-b692-014e9865eccb
28bf90f3-7f6b-48d3-8984-0479123edefc,0cdb1bc9-ddfa-40e9-a41b-23ad09efbc6f
3fc6e1a8-702f-476c-bae6-dfd64a9168bc,70dd6797-bef0-4b83-b692-014e9865eccb
696bc89f-bd31-4760-9bf2-7c9d87785ff5,9baa0e8a-b0fb-4244-a40a-7ade10b0e1fa
3352254f-4ce1-40b9-aac8-a877d0086784,70dd6797-bef0-4b83-b692-014e9865eccb
ceeb60a9-f264-426f-bf88-692f8a2cf6fa,b0cd2a94-5bd6-4dcd-9179-58106bee613b
f2f95f3d-eaff-4947-8dd6-586c3808f1a1,7f1d2a16-5e6c-408a-ba1a-3760cb441aae
96fe7eae-0769-4143-91ac-aa31bc6e2171,c39b3566-fdb0-4b0c-abc3-077c17a53fee
bffde758-0ef2-4779-9f92-f9e1391c4cd9,70dd6797-bef0-4b83-b692-014e9865eccb
aa303073-bc36-4a04-a145-017ca347364c,cec44d43-17ac-406f-abdc-6a397bbfe5f7
f79cd7a9-50eb-451c-98d4-e831c3cb78bf,0cdb1bc9-ddfa-40e9-a41b-23ad09efbc6f
be9a2eca-b63f-4bc9-921e-1aeb4dc4d130,70dd6797-bef0-4b83-b692-014e9865eccb
4f9b936a-fdb9-4eac-84a0-2421a1b50f96,c39b3566-fdb0-4b0c-abc3-077c17a53fee
0598e7eb-02c2-4a47-9309-100f3a95eb11,70dd6797-bef0-4b83-b692-014e9865eccb
5d0aed09-4aa2-48fa-90da-f63bbe4e64ca,c39b3566-fdb0-4b0c-abc3-077c17a53fee
0b08de54-8e14-4799-9e00-5b237eeda879,b0cd2a94-5bd6-4dcd-9179-58106bee613b
8adca6b8-b012-403f-8ce3-d9a190a91dbf,70dd6797-bef0-4b83-b692-014e9865eccb
dba78b78-33ba-4abf-a84b-547fca28d233,c39b3566-fdb0-4b0c-abc3-077c17a53fee
a4ea2f59-13c7-42a0-b6f2-6f69ef6c4bde,b0cd2a94-5bd6-4dcd-9179-58106bee613b
e6580963-7fe2-41f3-87e4-174700eadfc4,70dd6797-bef0-4b83-b692-014e9865eccb
96cae3c3-5a60-4c47-9694-57c776130f6c,c39b3566-fdb0-4b0c-abc3-077c17a53fee
6bdcf525-38ae-4c39-8f37-57799b4dd6eb,70dd6797-bef0-4b83-b692-014e9865eccb
4e99bd50-2d31-41d2-bf2b-df85bc4fbb33,b0cd2a94-5bd6-4dcd-9179-58106bee613b
81e7af09-da15-4255-891e-6804f91af88f,b0cd2a94-5bd6-4dcd-9179-58106bee613b
e39bfbd6-975b-44e7-9b44-06bfa4cb46ef,b0cd2a94-5bd6-4dcd-9179-58106bee613b
84292cd1-c6f9-4715-b334-5bf9f6c8b905,b0cd2a94-5bd6-4dcd-9179-58106bee613b
edbbfaea-ad02-4075-a32f-2005d418c98f,4d60aa57-e5f4-4b11-93e5-e48e48c47255
b63ade43-929d-4041-afda-fe0e02ad4119,70dd6797-bef0-4b83-b692-014e9865eccb
ba7e1bb4-852c-4f14-9d33-b1228ac635ed,70dd6797-bef0-4b83-b692-014e9865eccb
c0c9a220-4b09-4bef-acad-ee895b51b843,70dd6797-bef0-4b83-b692-014e9865eccb
6cb642b3-dd0b-4408-842d-ac0fda7cd6ab,70dd6797-bef0-4b83-b692-014e9865eccb
0b852f1f-67ce-4e60-83fb-9d870e94e5db,b0cd2a94-5bd6-4dcd-9179-58106bee613b
627f2476-7c22-4928-bd7d-fa959489f6f3,70dd6797-bef0-4b83-b692-014e9865eccb
b0babb69-5c53-4eb9-b1bb-f52b41277b62,7f1d2a16-5e6c-408a-ba1a-3760cb441aae
